{"box":{"position":[29.29387546597863,30.611182397608037,3.8249076617989415],"rotation":[0,-1.4311203431382629,-0.8300584429552078,"XYZ"],"scale":[1.274265046210147,3.3232017251409016,21.88392694779698]},"box2":{"position":[-9.205965074994257,56.92095874888588,0],"rotation":[0,0,0.9550216136938093,"XYZ"],"scale":[6.566083980004129,8.754292812789132,1]},"box3":{"position":[-61.62731149800172,24.78458139217777,-6.324906037146391],"rotation":[3.141592653589793,-0.004528308279055383,3.141592653589793,"XYZ"],"scale":[0.7488805126989464,16.045043215742897,0.7488805126989464]},"box4":{"position":[-11.96178449431491,0,5],"rotation":[0,0,0,"XYZ"],"scale":[1,1,1]},"sphere5":{"position":[5,-26.13960030095496,0],"rotation":[0,0,0,"XYZ"],"scale":[1,1,1]}}