{"box":{"position":[9.011276966393075,-5.455853191481143,3.8249076617989415],"rotation":[0,-1.4311203431382629,-0.8300584429552078,"XYZ"],"scale":[1.274265046210147,3.3232017251409016,21.88392694779698]},"box2":{"position":[0,0,0],"rotation":[0,0,0,"XYZ"],"scale":[5.996694356850958,3.3931098676397933,1]},"box3":{"position":[0,0,-6.324906037146391],"rotation":[3.141592653589793,-0.004528308279055383,3.141592653589793,"XYZ"],"scale":[0.7488805126989464,16.045043215742897,0.7488805126989464]}}